M_fit_Q1,y_fit_Q1,M_fit_Q2,y_fit_Q2,M_fit_Q3,y_fit_Q3,M_fit_Q4,y_fit_Q4
5000.008040364583,65.58302473104733,5000.5244140625,64.90457578532826,5000.001725260417,65.7375107801038,5000.002408854167,65.39856141766873
5095.1664828751045,66.20246748975008,5095.6817693117,65.51757506862037,5095.160278306727,66.35840617636578,5095.160972497565,66.01627273808877
5190.324925385626,66.81616770629212,5190.8391245609,66.1248918585213,5190.318831353036,66.97354561687722,5190.319536140964,66.62825746188848
5285.483367896147,67.4242821852265,5285.9964798101,66.72668131053281,5285.477384399346,67.58308627028015,5285.478099784363,67.23467196018582
5380.641810406667,68.02696072195076,5381.1538350593,67.32309164502921,5380.635937445656,68.18717827980464,5380.636663427762,67.83566561414291
5475.800252917188,68.62434653362293,5476.3111903085,67.91426457359503,5475.794490491966,68.78596519517691,5475.79522707116,68.43138124470488
5570.958695427709,69.21657665660103,5571.4685455577,68.50033569224384,5570.953043538276,69.37958437097386,5570.953790714559,69.02195550895306
5666.11713793823,69.80378231353069,5666.6259008069,69.08143484460858,5666.111596584586,69.96816733455593,5666.112354357958,69.60751926618863
5761.275580448752,70.38608925286668,5761.7832560561,69.65768645785978,5761.270149630896,70.55184012637079,5761.270918001356,70.18819791652489
5856.434022959273,70.963618063317,5856.9406113053,70.22920985381359,5856.428702677205,71.13072361512145,5856.4294816447555,70.7641117144701
5951.592465469794,71.53648446543659,5952.0979665545,70.79611953743267,5951.587255723514,71.70493379003189,5951.588045288154,71.33537605972226
6046.750907980315,72.10479958236814,6047.255321803701,71.3585254646963,6046.745808769825,72.2745820322114,6046.746608931553,71.90210176716745
6141.909350490836,72.66867019152404,6142.4126770529,71.9165332916143,6141.904361816134,72.83977536691638,6141.905172574951,72.46439531787107
6237.067793001357,73.22819895882401,6237.570032302101,72.47024460598217,6237.062914862445,73.4006166983275,6237.06373621835,73.02235909267233
6332.226235511877,73.78348465694357,6332.727387551301,73.01975714331725,6332.221467908754,73.95720502830105,6332.222299861749,73.57609158983313
6427.384678022399,74.3346223688877,6427.884742800501,73.56516498827573,6427.380020955064,74.50963566041128,6427.380863505147,74.12568762805171
6522.54312053292,74.88170367807741,6523.042098049701,74.10655876272604,6522.5385740013735,75.05800039047496,6522.539427148547,74.67123853602654
6617.701563043441,75.42481684602599,6618.199453298901,74.64402580154366,6617.697127047683,75.60238768463661,6617.697990791945,75.21283232964298
6712.860005553962,75.96404697858044,6713.356808548101,75.17765031709244,6712.855680093993,76.14288284599269,6712.856554435344,75.7505538777568
6808.018448064482,76.49947618161531,6808.514163797301,75.70751355327035,6808.014233140303,76.67956817064385,6808.0151180787425,76.28448505745861
6903.176890575003,77.0311837069851,6903.671519046501,76.23369392991691,6903.172786186613,77.21252309398307,6903.173681722141,76.81470489962346
6998.335333085524,77.55924608947014,6998.828874295701,76.75626717830987,6998.331339232923,77.74182432795672,6998.33224536554,77.34128972547842
7093.493775596045,78.08373727538584,7093.986229544901,77.27530646841338,7093.489892279233,78.26754598996939,7093.490809008939,77.86431327485633
7188.652218106567,78.60472874346733,7189.143584794101,77.79088252848352,7188.648445325543,78.78975972404643,7188.649372652337,78.38384682674588
7283.810660617088,79.12228961858892,7284.300940043301,78.30306375758451,7283.806998371852,79.30853481481479,7283.807936295736,78.8999593126963
7378.969103127609,79.63648677883087,7379.458295292501,78.81191633152264,7378.965551418162,79.82393829481546,7378.966499939135,79.41271742358714
7474.12754563813,80.14738495636267,7474.615650541701,79.31750430266229,7474.124104464472,80.33603504561844,7474.125063582534,79.9221857102318
7569.285988148651,80.65504683257403,7569.773005790901,79.81988969405023,7569.282657510781,80.84488789317186,7569.283627225932,80.42842667824421
7664.444430659172,81.15953312784913,7664.930361040102,80.31913258824022,7664.441210557092,81.35055769778202,7664.442190869331,80.93150087756345
7759.602873169693,81.66090268634842,7760.087716289301,80.81529121117758,7759.599763603401,81.85310343908927,7759.6007545127295,81.43146698699957
7854.761315680214,82.15921255613277,7855.245071538502,81.30842201147568,7854.758316649712,82.35258229637573,7854.759318156128,81.9283818941345
7949.919758190735,82.6545180649393,7950.402426787701,81.79857973538967,7949.91686969602,82.84904972451412,7949.917881799527,82.42230077088637
8045.078200701256,83.14687289189334,8045.559782036902,82.28581749776978,8045.075422742331,83.34255952584381,8045.076445442926,82.91327714502117
8140.236643211777,83.63632913542018,8140.717137286101,82.77018684925395,8140.23397578864,83.83316391823729,8140.235009086325,83.40136296787458
8235.395085722299,84.12293737759943,8235.874492535302,83.25173783994107,8235.392528834951,84.32091359960143,8235.393572729723,83.8866086785259
8330.553528232818,84.6067467451872,8331.031847784501,83.73051907976708,8330.55108188126,84.8058578090385,8330.552136373122,84.36906326464934
8425.71197074334,85.08780496751474,8426.189203033702,84.20657779579028,8425.70963492757,85.28804438487646,8425.71070001652,84.84877432024957
8520.87041325386,85.56615843145623,8521.346558282901,84.67995988657698,8520.86818797388,85.76751981976157,8520.869263659919,85.32578810047521
8616.028855764382,86.04185223364534,8616.503913532102,85.1507099738648,8616.026741020189,86.24432931299343,8616.027827303318,85.80014957368802
8711.187298274903,86.5149302301069,8711.661268781303,85.61887145166827,8711.1852940665,86.71851682026897,8711.186390946717,86.27190247095443
8806.345740785424,86.98543508345814,8806.818624030502,86.08448653297965,8806.34384711281,87.19012510099036,8806.344954590117,86.74108933311337
8901.504183295945,87.45340830782352,8901.975979279701,86.54759629420751,8901.50240015912,87.65919576328122,8901.503518233514,87.20775155556369
8996.662625806466,87.91889031159698,8997.133334528902,87.0082407174851,8996.660953205428,88.12576930684516,8996.662081876913,87.67192943090502
9091.821068316987,88.38192043817612,9092.290689778103,87.46645873097243,9091.81950625174,88.58988516379152,9091.82064552031,88.13366218955605
9186.979510827508,88.8425370047849,9187.448045027302,87.92228824726654,9186.97805929805,89.05158173754519,9186.97920916371,88.59298803846647
9282.137953338028,89.30077733949307,9282.6054002765,88.37576620002771,9282.13661234436,89.51089643994878,9282.13777280711,89.0499441980306
9377.296395848549,89.75667781653362,9377.762755525702,88.82692857892161,9377.295165390668,89.96786572665901,9377.296336450509,89.50456693730366
9472.45483835907,90.21027389001296,9472.920110774903,89.27581046297078,9472.453718436978,90.42252513093196,9472.454900093908,89.95689160761508
9567.613280869591,90.66160012610214,9568.077466024102,89.72244605240351,9567.612271483287,90.8749092958858,9567.613463737305,90.40695267466702
9662.771723380112,91.11069023379206,9663.2348212733,90.16686869908148,9662.770824529598,91.32505200532395,9662.772027380704,90.8547837492008
9757.930165890632,91.55757709428993,9758.392176522502,90.60911093558292,9757.929377575909,91.77298621319672,9757.930591024102,91.30041761630818
9853.088608401154,92.00229278912964,9853.549531771703,91.04920450301348,9853.087930622218,92.2187440717734,9853.089154667501,91.74388626346006
9948.247050911676,92.44486862706432,9948.706887020902,91.48718037761142,9948.246483668529,92.66235695859372,9948.2477183109,92.1852209073207
10043.405493422197,92.88533516980432,10043.8642422701,91.92306879621133,10043.405036714836,93.1038555022624,10043.4062819543,92.62445201941046
10138.563935932718,93.3237222566614,10139.021597519302,92.35689928062428,10138.563589761146,93.54326960714668,10138.564845597699,93.06160935067773
10233.72237844324,93.76005902815452,10234.178952768503,92.78870066099152,10233.722142807455,93.98062847703356,10233.723409241096,93.49672195503507
10328.88082095376,94.19437394863068,10329.336308017704,93.2185010981629,10328.880695853766,94.41596063779936,10328.881972884496,93.9298182119135
10424.03926346428,94.62669482795036,10424.493663266903,93.64632810514992,10424.039248900075,94.84929395914192,10424.040536527893,94.36092584788332
10519.197705974802,95.0570488422843,10519.651018516102,94.07220856769932,10519.197801946386,95.2806556754219,10519.199100171292,94.79007195738919
10614.356148485324,95.4854625540658,10614.808373765303,94.49616876403108,10614.356354992697,95.7100724056575,10614.357663814691,95.21728302264262
10709.514590995845,95.91196193113988,10709.965729014504,94.91823438378157,10709.514908039006,96.13757017271426,10709.51622745809,95.64258493271359
10804.673033506366,96.33657236514836,10805.123084263703,95.3384305461908,10804.673461085316,96.56317442172904,10804.67479110149,96.06600300186037
10899.831476016889,96.7593186891882,10900.280439512902,95.75678181757016,10899.832014131624,96.98691003780505,10899.833354744887,96.48756198713404
10994.989918527408,97.1802251947769,10995.437794762103,96.1733122280849,10994.990567177934,97.40880136301308,10994.991918388287,96.90728610529257
11090.14836103793,97.59931564815903,11090.595150011304,96.58804528788409,11090.149120224243,97.82887221273148,11090.150482031684,97.32519904905706
11185.30680354845,98.01661330598408,11185.752505260503,97.00100400260877,11185.307673270556,98.24714589135613,11185.309045675083,97.74132400274148
11280.465246058971,98.4321409303846,11280.909860509702,97.41221088830687,11280.466226316865,98.66364520740991,11280.467609318483,98.15568365728437
11375.623688569493,98.84592080348384,11376.067215758903,97.8216879857828,11375.624779363174,99.07839248807926,11375.626172961882,98.56830022471091
11470.782131080014,99.2579747413572,11471.224571008104,98.2294568744072,11470.783332409485,99.491409593204,11470.784736605281,98.97919545205106
11565.940573590531,99.6683241074736,11566.381926257303,98.63553868541192,11565.941885455795,99.90271792874547,11565.943300248678,99.38839063473834
11661.099016101054,100.07698982563988,11661.539281506502,99.03995411469272,11661.100438502104,100.3123384597565,11661.101863892078,99.79590662951331
11756.257458611575,100.48399239247004,11756.696636755703,99.44272343514236,11756.258991548411,100.72029172287516,11756.260427535475,100.201763866853
11851.415901122096,100.889351889401,11851.853992004904,99.84386650853452,11851.417544594724,101.12659783836396,11851.418991178874,100.60598236294817
11946.574343632616,101.29308799427456,11947.011347254103,100.24340279697844,11946.576097641037,101.53127652171396,11946.577554822274,101.00858173124765
12041.73278614314,101.6952199925044,12042.168702503302,100.64135137396296,12041.734650687344,101.93434709483304,12041.736118465673,101.40958119358903
12136.89122865366,102.0957667878461,12137.326057752503,101.0377309350078,12136.893203733653,102.33582849683631,12136.894682109072,101.8089995909335
12232.04967116418,102.49474691278768,12232.483413001704,101.43255980793896,12232.051756779962,102.73573929445598,12232.05324575247,102.20685539372168
12327.2081136747,102.89217853857603,12327.640768250903,101.8258559628041,12327.210309826272,103.13409769208609,12327.211809395867,102.60316671186702
12422.36655618522,103.28807948489548,12422.798123500104,102.21763702144337,12422.368862872583,103.53092154147868,12422.370373039266,102.9979513044015
12517.524998695742,103.6824672292123,12517.955478749303,102.6079202667298,12517.527415918892,103.92622835110537,12517.528936682666,103.39122658878875
12612.683441206264,104.07535891579997,12613.112833998504,102.9967226514937,12612.6859689652,104.32003529519793,12612.687500326065,103.7830096499182
12707.841883716785,104.46677136445732,12708.270189247703,103.384060807143,12707.844522011512,104.71235922248222,12707.846063969464,104.17331724879337
12803.000326227306,104.85672107893326,12803.427544496904,103.76995105199308,12803.003075057824,105.1032166646169,12803.004627612863,104.56216583092707
12898.158768737829,105.24522425506912,12898.584899746103,104.1544093993176,12898.161628104132,105.49262384434968,12898.16319125626,104.94957153445533
12993.317211248348,105.6322967886706,12993.742254995304,104.53745156513112,12993.32018115044,105.88059668340225,12993.321754899658,105.33555019798129
13088.47565375887,106.01795428311992,13088.899610244503,104.91909297571486,13088.478734196751,106.2671508100947,13088.480318543057,105.72011736816015
13183.63409626939,106.4022120567387,13184.056965493704,105.29934877489568,13183.637287243062,106.65230156672028,13183.638882186457,106.10328830703514
13278.792538779911,106.78508514991108,13279.214320742904,105.67823383108778,13278.795840289373,107.0360640166794,13278.797445829856,106.4850779991349
13373.950981290433,107.16658833197688,13374.371675992104,106.05576274410676,13373.95439333568,107.41845295138344,13373.956009473255,106.86550115834103
13469.109423800954,107.54673610790364,13469.529031241304,106.43194985176484,13469.112946381989,107.79948289693672,13469.114573116653,107.244572234535
13564.267866311477,107.92554272474592,13564.686386490504,106.80680923625526,13564.2714994283,108.17916812060508,13564.273136760052,107.62230542003331
13659.426308821996,108.30302217790027,13659.843741739704,107.18035473033494,13659.43005247461,108.5575226370797,13659.431700403451,107.9987146558183
13754.584751332515,108.67918821716373,13755.001096988904,107.5525999233118,13754.58860552092,108.93456021454388,13754.590264046848,108.3738136375731
13849.743193843038,109.05405435260256,13850.158452238104,107.92355816684554,13849.747158567228,109.31029438054982,13849.748827690248,108.74761582152776
13944.90163635356,109.42763386023982,13945.315807487304,108.29324258056744,13944.90571161354,109.68473842771311,13944.907391333647,109.12013443012383
14040.06007886408,109.7999397875669,14040.473162736504,108.66166605752746,14040.06426465985,110.0579054192315,14040.065954977046,109.49138245750383
14135.218521374602,110.17098495888672,14135.630517985705,109.02884126947347,14135.22281770616,110.42980819423428,14135.224518620444,109.86137267483281
14230.376963885124,110.54078198049427,14230.787873234904,109.39478067197032,14230.381370752468,110.80045937296885,14230.383082263843,110.23011763545743
14325.535406395644,110.90934324570064,14325.945228484105,109.75949650936344,14325.53992379878,111.16987136183025,14325.541645907242,110.59762967990893
14420.693848906163,111.276680939706,14421.102583733304,110.12300081959314,14420.69847684509,111.5380563582394,14420.70020955064,110.96392094075554
14515.852291416686,111.6428070443275,14516.259938982505,110.4853054388651,14515.857029891398,111.9050263553755,14515.858773194039,111.32900334730981
14611.010733927207,112.00773334258652,14611.417294231704,110.84642200618184,14611.015582937707,112.2707931467678,14611.017336837438,111.69288863019614
14706.169176437728,112.37147142316104,14706.574649480905,111.20636196774043,14706.17413598402,112.6353683307518,14706.175900480837,112.05558832578319
14801.32761894825,112.73403268470742,14801.732004730104,111.56513658120105,14801.332689030329,112.99876331479469,14801.334464124235,112.41711378048632
14896.48606145877,113.09542834005642,14896.889359979305,111.92275691983087,14896.491242076638,113.36098931969462,14896.493027767634,112.77747615494444
14991.644503969288,113.4556694202878,14992.046715228504,112.2792338765279,14991.649795122948,113.72205738365808,14991.651591411033,113.1366864280757
15086.80294647981,113.81476677868756,15087.204070477705,112.63457816772852,15086.80834816926,114.08197836625982,15086.81015505443,113.49475540101615
15181.96138899033,114.17273109459228,15182.361425726906,112.98880033720322,15181.966901215568,114.44076295228926,15181.96871869783,113.85169370094557
15277.119831500851,114.52957287712375,15277.518780976106,113.3419107597437,15277.125454261875,114.79842165548725,15277.12728234123,114.20751178480413
15372.278274011373,114.88530246881868,15372.676136225306,113.69391964474596,15372.284007308186,115.1549648221771,15372.285845984627,114.56221994290377
15467.436716521894,115.2399300491556,15467.833491474506,114.04483703969208,15467.442560354497,115.51040263479304,15467.444409628026,114.91582830243792
15562.595159032417,115.59346563798394,15562.990846723706,114.3946728335343,15562.601113400808,115.86474511531016,15562.602973271425,115.26834683089255
15657.753601542936,115.94591909885752,15658.148201972906,114.74343675998516,15657.759666447117,116.21800212857852,15657.761536914824,115.61978533936254
15752.912044053455,116.29730014227582,15753.305557222106,115.09113840071588,15752.918219493426,116.57018338556512,15752.920100558222,115.97015348577575
15848.070486563978,116.6476183288365,15848.462912471306,115.43778718846715,15848.076772539736,116.92129844650636,15848.078664201621,116.31946077802856
15943.2289290745,116.99688307230156,15943.620267720506,115.783392410074,15943.235325586047,117.27135672397424,15943.23722784502,116.66771657703524
16038.38737158502,117.34510364258036,16038.777622969706,116.12796320940878,16038.393878632356,117.62036748585888,16038.395791488418,117.01493009969414
16133.545814095542,117.6922891686318,16133.934978218906,116.47150859024364,16133.552431678663,117.9683398582702,16133.554355131817,117.36111042177362
16228.704256606065,118.03844864128877,16229.092333468108,116.81403741903628,16228.710984724974,118.31528282836152,16228.712918775216,117.70626648071985
16323.862699116584,118.38359091600678,16324.249688717306,117.15555842764056,16323.869537771288,118.66120524707704,16323.871482418615,118.05040707838943
16419.021141627105,118.72772471553974,16419.40704396651,117.49608021594489,16419.028090817596,119.00611583182632,16419.030046062013,118.39354088370891
16514.179584137626,119.07085863254484,16514.564399215706,117.83561125444022,16514.186643863904,119.35002316908752,16514.188609705412,118.73567643526376
16609.338026648147,119.41300113211877,16609.721754464907,118.17415988672047,16609.345196910213,119.69293571694196,16609.34717334881,119.07682214381869
16704.49646915867,119.75416055426768,16704.879109714107,118.51173433191688,16704.503749956526,120.03486180754206,16704.505736992207,119.41698629477185
16799.65491166919,120.09434511631272,16800.036464963305,118.84834268706854,16799.662303002835,120.37580964951448,16799.66430063561,119.75617705054474
16894.81335417971,120.43356291523315,16895.193820212506,119.18399292943153,16894.820856049144,120.71578733030104,16894.822864279005,120.09440245290975
16989.97179669023,120.7718219299492,16990.351175461707,119.51869291872772,16989.979409095453,121.0548028184388,16989.98142792241,120.43167042525756
17085.130239200753,121.10913002354609,17085.508530710904,119.85245039933568,17085.137962141765,121.3928639657812,17085.139991565804,120.76798877480566
17180.288681711274,121.4454949454413,17180.66588596011,120.18527300242548,17180.296515188074,121.7299785096625,17180.298555209203,121.1033651947507
17275.447124221795,121.78092433349696,17275.823241209306,120.51716824803846,17275.455068234383,122.06615407500674,17275.457118852602,121.43780726636514
17370.605566732316,122.11542571607856,17370.980596458507,120.84814354711445,17370.613621280692,122.401398176383,17370.615682495998,121.77132246104121
17465.764009242837,122.44900651406172,17466.137951707708,121.1782062034674,17465.772174327,122.73571822000883,17465.7742461394,122.10391814228258
17560.92245175336,122.78167404278912,17561.295306956905,121.5073634157112,17560.930727373314,123.06912150570317,17560.932809782797,122.435601567646
17656.08089426388,123.11343551397808,17656.45266220611,121.83562227913714,17656.089280419623,123.40161522878984,17656.0913734262,122.76637989063431
17751.2393367744,123.44429803758104,17751.610017455307,122.16298978754412,17751.24783346593,123.73320648195424,17751.249937069595,123.09626016254174
17846.397779284922,123.7742686236001,17846.767372704508,122.489472835024,17846.40638651224,124.06390225705326,17846.408500712994,123.42524933425376
17941.556221795443,124.10335418385662,17941.92472795371,122.81507821770168,17941.564939558553,124.39370944688058,17941.567064356394,123.75335425800186
18036.71466430596,124.43156153371774,18037.082083202906,123.13981263543296,18036.723492604862,124.7226348468884,18036.72562799979,124.08058168907536
18131.87310681648,124.75889739378064,18132.239438452107,123.46368269346036,18131.88204565117,125.05068515686702,18131.884191643192,124.40693828749093
18227.031549327003,125.08536839151589,18227.396793701308,123.78669490402828,18227.04059869748,125.377866982583,18227.042755286588,124.73243061962123
18322.189991837524,125.41098106287104,18322.554148950505,124.1088556879588,18322.199151743796,125.70418683737786,18322.20131892999,125.057065159784
18417.348434348045,125.73574185383556,18417.71150419971,124.43017137618943,18417.3577047901,126.02965114372762,18417.359882573386,125.38084829179236
18512.50687685857,126.05965712196844,18512.868859448907,124.75064821127312,18512.51625783641,126.35426623476476,18512.518446216785,125.70378631046775
18607.665319369087,126.3827331378888,18608.026214698108,125.07029234884249,18607.67481088272,126.67803835576368,18607.677009860185,126.0258854231162
18702.82376187961,126.70497608673168,18703.18356994731,125.38910985903874,18702.833363929032,127.00097366559037,18702.83557350358,126.34715175096939
18797.98220439013,127.02639206956876,18798.340925196502,125.70710672790632,18797.99191697534,127.32307823811723,18797.994137146983,126.66759133059114
18893.14064690065,127.34698710479591,18893.498280445707,126.0242888587543,18893.15047002165,127.64435806360493,18893.15270079038,126.98721011525012
18988.29908941117,127.66676712948792,18988.655635694908,126.34066207348556,18988.30902306796,127.96481905005052,18988.31126443378,127.3060139762605
19083.457531921693,127.98573800072144,19083.812990944105,126.65623211389408,19083.46757611427,128.2844670245045,19083.469828077177,127.62400870429025
19178.61597443221,128.30390549686737,19178.97034619331,126.97100464293216,19178.62612916058,128.60330773435632,19178.628391720576,127.94120001063908
19273.77441694273,128.62127531885272,19274.127701442507,127.28498524594724,19273.78468220689,128.92134684858996,19273.786955363976,128.25759352848604
19368.932859453256,128.9378530913936,19369.285056691708,127.59817943189027,19368.9432352532,129.23858995901014,19368.94551900737,128.57319481410792
19464.091301963777,129.25364436419972,19464.44241194091,127.91059263449527,19464.101788299507,129.5550425814399,19464.104082650774,128.8880093480694
19559.2497444743,129.56865461315093,19559.599767190102,128.22223021343189,19559.26034134582,129.87071015689006,19559.26264629417,129.2020425363852
19654.40818698482,129.88288924144692,19654.75712243931,128.5330974554309,19654.41889439213,130.18559805270218,19654.42120993757,129.51529971165544
19749.56662949534,130.19635358073091,19749.914477688508,128.84319957538355,19749.57744743844,130.49971156366462,19749.57977358097,129.8277861341748
19844.725072005866,130.50905289218738,19845.07183293771,129.152541717416,19844.736000484747,130.81305591310297,19844.738337224368,130.13950699301583
19939.883514516383,130.8209923676149,19940.22918818691,129.46112895593848,19939.89455353106,131.12563625394577,19939.896900867767,130.45046740708756
20035.041957026904,131.13217713047524,20035.386543436107,129.7689662966705,20035.05310657737,131.4374576697654,20035.055464511162,130.76067242616983
20130.200399537425,131.44261223691782,20130.543898685308,130.0760586776428,20130.21165962368,131.7485251757954,20130.214028154565,131.07012703192396
20225.358842047943,131.7523026767823,20225.70125393451,130.3824109701763,20225.370212669983,132.05884371992488,20225.37259179796,131.3788361388801
20320.517284558468,132.0612533745778,20320.858609183702,130.68802797983855,20320.5287657163,132.36841818366975,20320.53115544136,131.6868045954025
20415.67572706899,132.36946919044064,20416.01596443291,130.99291444737875,20415.687318762608,132.67725338312272,20415.68971908476,131.99403718463282
20510.83416957951,132.67695492107077,20511.173319682108,131.29707504964145,20510.84587180892,132.98535406988108,20510.84828272816,132.30053862541178
20605.99261209003,132.98371530064716,20606.33067493131,131.60051440045953,20606.004424855226,133.2927249319543,20606.006846371558,132.6063135731804
20701.151054600552,133.2897550017232,20701.48803018051,131.90323705152716,20701.16297790154,133.59937059465057,20701.165410014954,132.9113666208606
20796.30949711108,133.59507863610213,20796.645385429707,132.20524749325304,20796.321530947847,133.90529562144394,20796.323973658356,133.21570229971638
20891.467939621594,133.89969075569326,20891.802740678908,132.5065501555945,20891.48008399416,134.21050451482196,20891.482537301752,133.51932508019527
20986.626382132115,134.20359585334936,20986.96009592811,132.80714940887293,20986.638637040465,134.51500171711422,20986.64110094515,133.8222393727514
21081.78482464264,134.50679836368576,21082.117451177302,133.10704956457093,21081.797190086774,134.81879161130263,21081.79966458855,134.1244495286498
21176.94326715316,134.80930266388145,21177.27480642651,133.40625487611172,21176.955743133087,135.12187852181364,21176.95822823195,134.42595984075305
21272.101709663675,135.11111307446265,21272.432161675708,133.704769539621,21272.1142961794,135.4242667152928,21272.11679187535,134.72677454429027
21367.2601521742,135.41223386006973,21367.58951692491,134.0025976946724,21367.272849225705,135.7259604013623,21367.275355518745,135.02689781760918
21462.41859468472,135.712669230207,21462.74687217411,134.2997434250156,21462.431402272014,136.02696373336187,21462.433919162148,135.32633378291146
21557.57703719524,136.0124233399764,21557.90422742331,134.59621075928902,21557.589955318323,136.32728080907293,21557.592482805543,135.62508650697174
21652.735479705763,136.3115002907956,21653.061582672508,134.89200367171634,21652.748508364635,136.6269156714272,21652.751046448946,135.92316000184087
21747.89392221628,136.6099041311003,21748.21893792171,135.1871260827877,21747.907061410944,136.9258723091996,21747.90961009234,136.22055822553347
21843.0523647268,136.90763885703157,21843.37629317091,135.48158185992605,21843.065614457253,137.22415465768594,21843.068173735737,136.5172850827007
21938.210807237323,137.2047084131085,21938.53364842011,135.77537481813857,21938.22416750356,137.5217665993657,21938.22673737914,136.8133444252879
22033.369249747844,137.50111669288617,22033.691003669308,136.06850872065385,22033.382720549875,137.81871196455037,22033.385301022536,137.10874005317788
22128.527692258365,137.7968675395998,22128.84835891851,136.3609872795453,22128.541273596184,138.11499453201756,22128.54386466594,137.40347571482027
22223.686134768886,138.091964746795,22224.00571416771,136.6528141563404,22223.699826642493,138.41061802963154,22223.702428309334,137.6975551078468
22318.844577279408,138.38641205894493,22319.16306941691,136.943992962617,22318.8583796888,138.70558613494964,22318.860991952737,137.99098187967337
22414.00301978993,138.68021317205353,22414.320424666108,137.23452726058633,22414.016932735118,138.99990247581616,22414.019555596133,138.28375962808886
22509.16146230045,138.97337173424685,22509.47777991531,137.52442056366343,22509.175485781423,139.29357063094287,22509.17811923953,138.57589190183108
22604.31990481097,139.2658913463512,22604.63513516451,137.81367633702493,22604.33403882773,139.58659413047695,22604.33668288293,138.86738220115018
22699.47834732149,139.55777556245948,22699.79249041371,138.1022979981546,22699.49259187404,139.87897645655687,22699.495246526327,139.1582339783596
22794.636789832013,139.8490278904851,22794.949845662908,138.39028891737715,22794.651144920357,140.17072104385596,22794.65381016973,139.44845063837536
22889.79523234253,140.1396517927045,22890.10720091211,138.6776524183805,22889.809697966662,140.46183128011404,22889.812373813125,139.73803553924336
22984.95367485305,140.42965068628808,22985.26455616131,138.964391778726,22984.96825101297,140.75231050665798,22984.97093745653,140.0269919926552
23080.112117363577,140.7190279438201,23080.42191141051,139.2505102303484,23080.12680405928,141.04216201891057,23080.129501099924,140.31532326445281
23175.270559874098,141.00778689380735,23175.579266659708,139.53601096004422,23175.285357105597,141.33138906688856,23175.28806474332,140.6030325751222
23270.42900238462,141.2959308211774,23270.73662190891,139.82089710994973,23270.443910151906,141.6199948556898,23270.446628386722,140.89012310027627
23365.58744489514,141.58346296776614,23365.89397715811,140.10517177800858,23365.60246319821,141.90798254597007,23365.605192030118,141.17659797112734
23460.74588740566,141.87038653279535,23461.05133240731,140.38883801842903,23460.76101624452,142.19535525440912,23460.76375567352,141.46246027494922
23555.904329916186,142.15670467333982,23556.20868765651,140.67189884213136,23555.91956929083,142.4821160541672,23555.922319316916,141.74771305552932
23651.062772426703,142.4424205047852,23651.36604290571,140.95435721718545,23651.07812233714,142.76826797533116,23651.08088296032,142.03235931361098
23746.221214937224,142.72753710127574,23746.52339815491,141.23621606923876,23746.23667538345,143.05381400535137,23746.239446603715,142.31640200732593
23841.379657447746,143.01205749615303,23841.68075340411,141.51747828193504,23841.39522842976,143.33875708946874,23841.39801024711,142.59984405261764
23936.538099958267,143.29598468238535,23936.83810865331,141.7981466973239,23936.55378147607,143.62310013113284,23936.556573890513,142.88268832365534
24031.696542468788,143.57932161298805,24031.99546390251,142.07822411626117,24031.71233452238,143.9068459924107,24031.71513753391,143.16493765323878
24126.85498497931,143.86207120143516,24127.15281915171,142.35771329880097,24126.87088756869,144.18999749438683,24126.873701177312,143.44659483319458
24222.01342748983,144.1442363220624,24222.31017440091,142.63661696457874,24222.029440615,144.4725574175547,24222.032264820707,143.72766261476357
24317.17187000035,144.42581981046163,24317.467529650112,142.91493779318606,24317.187993661308,144.75452850219938,24317.19082846411,144.00814370897996
24412.330312510872,144.70682446386732,24412.62488489931,143.19267842453723,24412.34654670762,145.0359134487722,24412.349392107506,144.2880407870418
24507.4887550214,144.98725304153444,24507.78224014851,143.46984145922784,24507.50509975393,145.31671491825705,24507.5079557509,144.567356480674
24602.647197531915,145.26710826510893,24602.93959539771,143.74642945888525,24602.66365280024,145.5969355325287,24602.666519394304,144.84609338248254
24697.80564004244,145.54639281899028,24698.096950646912,144.0224449465116,24697.822205846547,145.87657787470354,24697.8250830377,145.1242540463016
24792.96408255296,145.8251093506862,24793.25430589611,144.2978904068191,24792.98075889286,146.15564448948228,24792.983646681103,145.40184098753286
24888.122525063474,146.10326047116027,24888.41166114531,144.57276828655793,24888.13931193917,146.4341378834854,24888.1422103245,145.67885668347708
24983.280967573995,146.38084875517197,24983.56901639451,144.84708099483683,24983.29786498548,146.7120605255812,24983.3007739679,145.95530357365874
25078.43941008452,146.6578767416099,25078.726371643712,145.12083090343666,25078.456418031787,146.9894148472067,25078.459337611297,146.2311840601432
25173.59785259504,146.93434693381752,25173.88372689291,145.39402034711688,25173.6149710781,147.2662032426813,25173.617901254693,146.50650050784705
25268.75629510556,147.21026179991262,25269.04108214211,145.6666516239155,25268.773524124408,147.54242806951382,25268.776464898096,146.78125524484156
25363.91473761608,147.48562377309958,25364.19843739131,145.93872699544173,25363.93207717072,147.81809164870248,25363.93502854149,147.0554505626491
25459.0731801266,147.76043525197522,25459.355792640512,146.21024868716273,25459.090630217022,148.09319626502835,25459.093592184894,147.3290887165335
25554.23162263712,148.03469860082836,25554.51314788972,146.4812188886836,25554.24918326333,148.3677441673425,25554.25215582829,147.60217192578332
25649.390065147643,148.30841614993273,25649.67050313891,146.75163975402097,25649.407736309648,148.64173756884634,25649.410719471693,147.8747023739893
25744.548507658164,148.58159019583394,25744.82785838811,147.0215134018707,25744.56628935596,148.9151786473661,25744.56928311509,148.1466822093151
25839.70695016869,148.85422300163023,25839.985213637312,147.29084191586938,25839.724842402265,149.18806954562112,25839.727846758484,148.41811354476252
25934.865392679207,149.12631679724737,25935.14256888652,147.55962734484982,25934.88339544857,149.46041237148586,25934.886410401887,148.68899845843023
26030.023835189728,149.3978737797076,26030.29992413571,147.8278717030908,26030.041948494887,149.73220919824638,26030.044974045282,148.9593389937668
26125.18227770025,149.66889611339283,26125.45727938491,148.0955769705613,26125.2005015412,150.00346206485082,26125.203537688685,149.22913715981818
26220.34072021077,149.93938593030248,26220.614634634112,148.36274509315876,26220.359054587505,150.27417297615438,26220.36210133208,149.49839493146925
26315.49916272129,150.20934533030547,26315.77198988332,148.62937798294217,26315.51760763381,150.54434390315862,26315.520664975484,149.76711424968005
26410.65760523181,150.47877638138695,26410.92934513251,148.89547751835963,26410.676160680126,150.81397678324535,26410.67922861888,150.03529702171653
26505.816047742333,150.74768111988976,26506.08670038171,149.16104554447082,26505.834713726435,151.0830735204053,26505.837792262275,150.30294512137613
26600.97449025285,151.01606155075078,26601.244055630912,149.42608387316403,26600.993266772744,151.35163598546131,26600.996355905678,150.57006038920773
26696.132932763376,151.2839196477319,26696.40141088012,149.69059428336826,26696.151819819053,151.6196660162868,26696.154919549073,150.83664463272706
26791.291375273897,151.5512573536463,26791.55876612931,149.95457852126052,26791.31037286537,151.8871654180187,26791.313483192476,151.10269962662676
26886.44981778441,151.8180765805796,26886.71612137851,150.218038300468,26886.468925911675,152.15413596326593,26886.472046835872,151.36822711298151
26981.60826029494,152.08437921010636,26981.873476627712,150.48097530226556,26981.627478957984,152.42057939231273,26981.630610479275,151.63322880144867
27076.76670280546,152.35016709350174,27077.03083187692,150.74339117576858,27076.786032004293,152.68649741331728,27076.78917412267,151.89770636946366
27171.92514531598,152.61544205194858,27172.18818712611,151.0052875381211,27171.944585050605,152.95189170250583,27171.947737766066,152.16166146243134
27267.083587826502,152.88020587674006,27267.34554237531,151.26666597467965,27267.103138096914,153.21676390436215,27267.10630140947,152.42509569391228
27362.242030337024,153.1444603294775,27362.502897624512,151.5275280391924,27362.261691143223,153.4811156318124,27362.264865052864,152.68801064580495
27457.400472847545,153.40820714226444,27457.66025287372,151.7878752539742,27457.42024418953,153.74494846640593,27457.423428696267,152.95040786852343
27552.558915358062,153.6714480178957,27552.81760812292,152.04770911007725,27552.57879723584,154.00826395849134,27552.581992339663,153.2122888811707
27647.717357868587,153.93418463004278,27647.97496337211,152.30703106745756,27647.737350282157,154.27106362738866,27647.740555983066,153.4736551717081
27742.875800379108,154.1964186234349,27743.132318621312,152.5658425551376,27742.895903328463,154.53334896155715,27742.89911962646,153.7345081971199
27838.034242889626,154.458151614036,27838.28967387052,152.82414497136446,27838.05445637477,154.79512141875944,27838.057683269857,153.9948493835751
27933.192685400147,154.71938518921772,27933.44702911972,153.0819396837644,27933.21300942108,155.05638242622095,27933.21624691326,154.25468012658368
28028.351127910668,154.98012090792852,28028.60438436891,153.3392280294936,28028.371562467397,155.31713338078615,28028.374810556656,154.5140017911504
28123.50957042119,155.24036030085907,28123.761739618112,153.5960113153849,28123.530115513702,155.57737564907052,28123.53337420006,154.77281571192384
28218.66801293171,155.50010487060368,28218.91909486732,153.85229081809092,28218.68866856001,155.8371105676089,28218.691937843454,155.03112319334207
28313.82645544223,155.75935609181812,28314.07645011652,154.10806778422355,28313.84722160632,156.09633944300015,28313.850501486857,155.28892550977463
28408.984897952752,156.0181154113739,28409.23380536571,154.36334343048983,28409.005774652636,156.35506355204814,28409.009065130253,155.5462239056608
28504.14334046328,156.27638424850883,28504.391160614912,154.61811894382447,28504.16432769894,156.6132841418992,28504.167628773648,155.80301959564454
28599.301782973795,156.5341639949742,28599.54851586412,154.8723954815186,28599.32288074525,156.87100243017613,28599.32619241705,156.05931376470562
28694.46022548432,156.79145601517845,28694.70587111332,155.1261741713455,28694.48143379156,157.12821960510868,28694.484756060447,156.3151075682876
28789.61866799484,157.04826164632755,28789.86322636251,155.37945611168294,28789.639986837872,157.3849368256607,28789.64331970385,156.5704021324227
28884.77711050536,157.30458219856223,28885.020581611712,155.63224237163212,28884.79853988418,157.64115522165417,28884.801883347245,156.82519855385263
28979.93555301588,157.56041895509134,28980.17793686092,155.88453399113348,28979.95709293049,157.89687589388973,28979.960446990648,157.07949790014715
29075.0939955264,157.8157731723229,29075.33529211012,156.1363319810796,29075.1156459768,158.1520999142643,29075.119010634044,157.3333012098188
29170.25243803692,158.07064607999135,29170.49264735931,156.3876373234248,29170.27419902311,158.40682832588536,29170.27757427744,157.58660949243486
29265.410880547443,158.32503888128204,29265.650002608512,156.63845097129175,29265.43275206942,158.66106214318225,29265.436137920842,157.8394237287263
29360.569323057964,158.57895275295263,29360.80735785772,156.8887738490755,29360.59130511573,158.9148023520147,29360.594701564238,158.09174487069336
29455.727765568485,158.8323888454516,29455.96471310692,157.13860685254394,29455.74985816204,159.16804990977815,29455.75326520764,158.34357384170895
29550.88620807901,159.0853482830336,29551.122068356115,157.38795084893624,29550.908411208347,159.4208057455062,29550.911828851036,158.59491153661844
29646.044650589527,159.33783216387238,29646.279423605312,157.6368066770578,29646.06696425466,159.67307075997056,29646.07039249444,158.84575882183725
29741.203093100048,159.58984156017058,29741.43677885452,157.8851751473731,29741.22551730097,159.9248458257778,29741.228956137835,159.0961165354453
29836.36153561057,159.84137751826694,29836.59413410372,158.13305704209534,29836.38407034728,160.1761317874637,29836.38751978123,159.3459854872789
29931.51997812109,160.09244105874066,29931.751489352915,158.3804531152741,29931.542623393587,160.42692946158493,29931.546083424633,159.59536645902017
30026.67842063161,160.3430331765133,30026.908844602112,158.6273640928795,30026.7011764399,160.67723963680794,30026.70464706803,159.8442602042836
30121.836863142133,160.593154840948,30122.06619985132,158.8737906728852,30121.85972948621,160.9270630739954,30121.86321071143,160.09266744870027
30216.995305652654,160.84280699594612,30217.223555100514,159.11973352534756,30217.01828253252,161.17640050629032,30217.021774354827,160.34058888999962
30312.15374816317,161.0919905600414,30312.380910349715,159.36519329248333,30312.176835578823,161.4252526391973,30312.18033799823,160.58802519808862
30407.312190673696,161.3407064264918,30407.538265598912,159.6101705887447,30407.33538862514,161.67362015066192,30407.338901641626,160.83497701512863
30502.470633184217,161.5889554633687,30502.69562084812,159.8546660008919,30502.493941671448,161.9215036911471,30502.49746528502,161.08144495561012
30597.62907569474,161.83673851364384,30597.852976097314,160.09868008806396,30597.65249471776,162.16890388370803,30597.656028928424,161.32742960642486
30692.78751820526,162.084056395274,30693.010331346515,160.34221338184665,30692.811047764066,162.41582132406404,30692.81459257182,161.57293152693597
30787.94596071578,162.3309099012834,30788.167686595712,160.58526638633893,30787.96960081038,162.6622565806686,30787.973156215223,161.81795124904585
30883.1044032263,162.57729979984384,30883.32504184492,160.82783957821687,30883.128153856687,162.90821019477733,30883.13171985862,162.06248927726176
30978.26284573682,162.82322683435254,30978.482397094114,161.06993340679546,30978.286706903,163.15368268051347,30978.29028350202,162.30654608875977
31073.42128824734,163.06869172350792,31073.639752343315,161.3115482940888,31073.445259949305,163.39867452493178,31073.448847145417,162.55012213344605
31168.57973075786,163.3136951613836,31168.797107592512,161.55268463486786,31168.603812995618,163.64318618807994,31168.607410788813,162.79321783401667
31263.738173268383,163.55823781749962,31263.95446284172,161.79334279671667,31263.762366041927,163.88721810305822,31263.765974432215,163.03583358601514
31358.896615778904,163.80232033689234,31359.111818090914,162.0335231200864,31358.92091908824,164.1307706760773,31358.92453807561,163.27796975788814
31454.055058289425,164.04594334018194,31454.269173340115,162.27322591834758,31454.079472134545,164.37384428651387,31454.083101719014,163.51962669103955
31549.213500799942,164.2891074236381,31549.42652858932,162.5124514778408,31549.238025180854,164.61643928696475,31549.24166536241,163.76080469988216
31644.371943310467,164.53181315924385,31644.58388383852,162.7512000579254,31644.39657822717,164.85855600329893,31644.400229005812,164.00150407188826
31739.530385820988,164.7740610947574,31739.741239087714,162.98947189102634,31739.555131273475,165.10019473470794,31739.558792649208,164.24172506763793
31834.68882833151,165.01585175377235,31834.898594336915,163.22726718267978,31834.713684319784,165.3413557537545,31834.717356292604,164.481467920866
31929.84727084203,165.25718563577573,31930.05594958612,163.4645861115767,31929.872237366093,165.58203930641943,31929.875919936007,164.7207328385071
32025.00571335255,165.4980632162048,32025.21330483532,163.70142882960502,32025.03079041241,165.822245612147,32025.034483579402,164.95952000073908
32120.16415586308,165.7384849465016,32120.370660084514,163.93779546189035,32120.189343458715,166.06197486388854,32120.193047222805,165.1978295610253
32215.3225983736,165.97845125416637,32215.528015333715,164.1736861068348,32215.347896505024,166.3012272281447,32215.3516108662,165.43566164615467
32310.481040884115,166.21796254280878,32310.68537058292,164.4091008361548,32310.50644955133,166.54000284500597,32310.510174509604,165.67301635628087
32405.63948339464,166.4570191921978,32405.84272583212,164.6440396949172,32405.665002597645,166.77830182819164,32405.668738153,165.90989376495955
32500.79792590516,166.69562155831017,32501.000081081314,164.87850270157406,32500.823555643958,167.01612426508768,32500.827301796395,166.1462939191845
32595.95636841568,166.93376997337697,32596.157436330515,165.11248984799602,32595.982108690263,167.25347021678286,32595.985865439798,166.38221683942243
32691.1148109262,167.1714647459289,32691.31479157972,165.34600109950446,32691.14066173657,167.49033971810363,32691.144429083193,166.61766251964582
32786.27325343672,167.40870616083993,32786.47214682891,165.57903639490232,32786.299214782885,167.72673277764775,32786.302992726596,166.85263092736554
32881.43169594724,167.6454944793698,32881.62950207811,165.81159564650375,32881.4577678292,167.96264937781618,32881.46155636999,167.08712200366105
32976.59013845776,167.88182993920478,32976.786857327315,166.04367874016236,32976.6163208755,168.1980894748444,32976.620120013395,167.32113566321027
33071.748580968284,168.11771275449706,33071.94421257652,166.27528553529854,33071.774873921815,168.43305299883207,33071.77868365679,167.55467179431758
33166.9070234788,168.35314311590315,33167.10156782571,166.50641586492551,33166.93342696813,168.66753985377144,33166.937247300186,167.7877302589412
33262.065465989326,168.5881211906206,33262.258923074914,166.73706953567438,33262.09198001443,168.90154991757464,33262.09581094359,168.02031089271915
33357.223908499844,168.8226471224235,33357.41627832412,166.96724632781812,33357.250533060746,169.1350830421004,33357.254374586984,168.25241350499414
33452.38235101037,169.0567210316968,33452.57363357332,167.1969459952942,33452.40908610705,169.36813905317868,33452.41293823039,168.48403787883748
33547.540793520886,169.2903430154696,33547.73098882251,167.426168265727,33547.56763915336,169.60071775063517,33547.57150187378,168.715183771072
33642.69923603141,169.52351314744672,33642.88834407172,167.6549128404485,33642.72619219968,169.83281890831424,33642.73006551718,168.94585091229393
33737.85767854193,169.75623147803958,33738.045699320915,167.88317939451835,33737.88474524598,170.0644422741011,33737.88862916058,169.17603900689386
33833.01612105245,169.98849803439592,33833.20305457011,168.1109675767433,33833.043298292294,170.29558756994314,33833.04719280398,169.40574773307688
33928.17456356297,170.22031282042798,33928.36040981932,168.33827700969533,33928.2018513386,170.5262544918699,33928.20575644738,169.63497674288152
34023.33300607349,170.45167581684026,34023.517765068515,168.5651072897294,34023.36040438491,170.75644271001298,34023.364320090775,169.86372566219845
34118.49144858401,170.68258698115565,34118.67512031771,168.79145798700023,34118.518957431224,170.98615186862398,34118.52288373418,170.09199409078775
34213.64989109453,170.91304624774094,34213.83247556692,169.0173286454782,34213.67751047753,171.21538158609275,34213.681447377574,170.31978160229576
34308.808333605055,171.1430535278311,34308.98983081612,169.24271878296491,34308.83606352384,171.44413145496435,34308.84001102097,170.54708774427132
34403.96677611557,171.3726087095528,34404.14718606531,169.46762789110784,34403.994616570155,171.672401041955,34403.99857466437,170.77391203818087
34499.1252186261,171.60171165794685,34499.30454131452,169.69205543541435,34499.15316961646,171.90018988796788,34499.15713830777,171.00025397942318
34594.283661136615,171.83036221498978,34594.46189656372,169.91600085526525,34594.31172266277,172.12749750810804,34594.31570195117,171.22611303734365
34689.44210364714,172.05856019961465,34689.61925181292,170.13946356392756,34689.47027570908,172.35432339169645,34689.47426559457,171.45148865524752
34784.60054615766,172.2863054077309,34784.776607062115,170.36244294856715,34784.62882875539,172.5806670022838,34784.63282923797,171.67638025041285
34879.75898866818,172.51359761224344,34879.93396231132,170.58493837026043,34879.7873818017,172.80652777766352,34879.791392881365,171.900787214103
34974.9174311787,172.74043656307083,34975.09131756052,170.80694916400589,34974.94593484801,173.03190512988425,34974.94995652476,172.12470891157838
35070.075873689224,172.96682198716306,35070.248672809714,171.028474638735,35070.10448789432,173.25679844526204,35070.10852016816,172.348144682108
35165.23431619974,173.19275358851812,35165.40602805892,171.24951407732308,35165.263040940634,173.48120708439163,35165.26708381156,172.5710938389804
35260.392758710266,173.41823104819818,35260.56338330812,171.4700667365993,35260.42159398694,173.70513038215782,35260.42564745496,172.7935556695144
35355.551201220784,173.643254024345,35355.72073855731,171.69013184735678,35355.58014703325,173.92856764774612,35355.58421109836,173.01552943506908
35450.70964373131,173.8678221521949,35450.87809380652,171.9097086143622,35450.73870007956,174.15151816465294,35450.74277474176,173.23701437105404
35545.868086241826,174.09193504409242,35546.03544905572,172.12879621636523,35545.89725312587,174.37398119069582,35545.901338385156,173.45800968693882
35641.02652875235,174.31559228950456,35641.19280430491,172.34739380610768,35641.05580617218,174.59595595802287,35641.05990202855,173.67851456626238
35736.18497126287,174.53879345503324,35736.35015955412,172.56550051033264,35736.21435921849,174.81744167312235,35736.218465671955,173.89852816664225
35831.34341377339,174.7615380844279,35831.50751480332,172.78311542979307,35831.3729122648,175.03843751683195,35831.37702931535,174.11804961978348
35926.50185628391,174.9838256985976,35926.66487005252,173.00023763926075,35926.531465311105,175.25894264434737,35926.53559295875,174.33707803148744
36021.660298794435,175.20565579562228,36021.82222530172,173.2168661875348,36021.69001835742,175.47895618523145,36021.69415660215,174.55561248166057
36116.81874130495,175.4270278507638,36116.97958055092,173.43300009745042,36116.84857140373,175.69847724342276,36116.85272024555,174.77365202432296
36211.97718381548,175.6479413164767,36212.13693580012,173.64863836588717,36212.00712445004,175.91750489724393,36212.01128388895,174.9911956876168
36307.135626326,175.8683956224179,36307.29429104932,173.8637799637779,36307.16567749635,176.13603819941034,36307.16984753234,175.20824247381498
36402.29406883652,176.08839017545696,36402.45164629852,174.07842383611717,36402.32423054266,176.35407617703837,36402.328411175746,175.42479135932965
36497.45251134704,176.30792435968522,36497.60900154772,174.29256890197,36497.48278358897,176.5716178316538,36497.48697481914,175.6408412947207
36592.61095385756,176.52699753642497,36592.766356796914,174.50621405448075,36592.64133663528,176.78866213920034,36592.645538462544,175.85639120470447
36687.76939636808,176.74560904423828,36687.92371204612,174.71935816088214,36687.799889681584,177.0052080500478,36687.80410210594,176.0714399881624
36782.92783887861,176.96375819893535,36783.08106729532,174.9320000625043,36782.9584427279,177.22125448900098,36782.96266574934,176.28598651815005
36878.08628138912,177.18144429358293,36878.23842254451,175.1441385747842,36878.11699577421,177.4368003553081,36878.12122939274,176.50002964190602
36973.24472389965,177.3986665985123,36973.39577779372,175.35577248727543,36973.27554882052,177.65184452266948,36973.279793036134,176.71356818086144
37068.40316641016,177.61542436132711,37068.55313304292,175.56690056365787,37068.43410186683,177.86638583924693,37068.43835667954,176.92660093064927
37163.56160892068,177.83171680691112,37163.71048829211,175.77752154174806,37163.59265491314,178.08042312767253,37163.59692032293,177.13912666111415
37258.720051431206,178.04754313743553,37258.86784354132,175.98763413351,37258.751207959445,178.2939551850582,37258.755483966335,177.35114411632256
37353.87849394173,178.26290253236655,37354.02519879052,176.19723702506576,37353.90976100576,178.5069807830055,37353.91404760973,177.56265201457327
37449.03693645225,178.47779414847275,37449.18255403972,176.406328876707,37449.06831405206,178.71949866761554,37449.072611253134,177.77364904840806
37544.195378962766,178.6922171198321,37544.33990928892,176.61490832290707,37544.226867098376,178.9315075594994,37544.23117489653,177.98413388462302
37639.35382147329,178.9061705578394,37639.49726453812,176.82297397233307,37639.38542014469,179.14300615378883,37639.389738539925,178.19410516428016
37734.51226398381,179.11965355121322,37734.65461978732,177.0305244078588,37734.543973190994,179.35399312014735,37734.54830218333,178.40356150271967
37829.67070649433,179.33266516600335,37829.81197503652,177.23755818657824,37829.702526237306,179.56446710278198,37829.70686582673,178.61250148957242
37924.82914900486,179.54520444559785,37924.96933028572,177.44407383981954,37924.86107928361,179.77442672045515,37924.86542947013,178.82092368877323
38019.987591515375,179.75727041073043,38020.12668553492,177.65006987315962,38020.01963232992,179.98387056649744,38020.02399311352,179.0288266385747
38115.1460340259,179.96886205948778,38115.28404078412,177.8555447664395,38115.17818537623,180.1927972088204,38115.182556756925,179.23620885156154
38210.30447653642,180.1799783673171,38210.44139603332,178.0604969737803,38210.33673842254,180.4012051899306,38210.34112040032,179.44306881466542
38305.46291904694,180.3906182870337,38305.59875128252,178.26492492359995,38305.495291468855,180.60909302694355,38305.49968404372,179.64940498918114
38400.62136155746,180.60078074882887,38400.75610653172,178.46882701863078,38400.65384451516,180.8164592115988,38400.65824768712,179.85521581078245
38495.77980406798,180.810464660278,38495.91346178092,178.67220163593748,38495.81239756147,181.0233022102756,38495.81681133052,180.06049968953974
38590.9382465785,181.01966890634816,38591.07081703012,178.87504712693664,38590.970950607785,181.2296204640089,38590.97537497392,180.26525500993762
38686.09668908902,181.22839234940747,38686.22817227932,179.0773618174164,38686.12950365409,181.43541238850693,38686.13393861731,180.46948013089394
38781.25513159954,181.43663382923324,38781.38552752852,179.2791440075575,38781.2880567004,181.6406763741683,38781.292502260716,180.67317338577914
38876.41357411006,181.6443921630212,38876.54288277772,179.48039197195504,38876.44660974671,181.845410786101,38876.45106590411,180.8763330824369
38971.57201662059,181.8516661453945,38971.70023802692,179.68110395964126,38971.60516279302,182.04961396414205,38971.609629547514,181.07895750320557
39066.730459131104,182.05845454841403,39066.85759327612,179.88127819410923,39066.76371583933,182.25328422287728,39066.76819319091,181.28104490494042
39161.88890164163,182.2647561215881,39162.01494852532,180.08091287333792,39161.92226888564,182.4564198516628,39161.92675683431,181.48259351903695
39257.04734415215,182.47056959188288,39257.17230377452,180.28000616981788,39257.08082193195,182.6590191146474,39257.08532047771,181.68360155145547
39352.20578666267,182.6758936637333,39352.32965902372,180.4785562305783,39352.23937497826,182.8610802507952,39352.243884121104,181.8840671827462
39447.36422917319,182.8807270190548,39447.48701427292,180.6765611772153,39447.39792802457,183.0626014739101,39447.40244776451,182.08398856807602
39542.52267168371,183.08506831725447,39542.64436952212,180.8740191059209,39542.55648107088,183.2635809726609,39542.5610114079,182.28336383725596
39637.68111419423,183.28891619524413,39637.80172477132,181.0709280875141,39637.71503411719,183.46401691060723,39637.719575051306,182.48219109477006
39732.83955670476,183.4922692674525,39732.95908002052,181.2672861674721,39732.8735871635,183.66390742622744,39732.8781386947,182.6804684198052
39827.99799921527,183.69512612583927,39828.11643526972,181.4630913659641,39828.03214020981,183.8632506329466,39828.036702338104,182.87819386628243
39923.1564417258,183.89748533990888,39923.27379051892,181.65834167788483,39923.19069325612,184.06204461916627,39923.1952659815,183.07536546288947
40018.31488423632,184.0993454567248,40018.43114576812,181.8530350728909,40018.34924630243,184.2602874482955,40018.353829624895,183.27198121311423
40113.47332674684,184.3007050009252,40113.58850101732,182.04716949543777,40113.507799348736,184.4579771587828,40113.5123932683,183.46803909528023
40208.63176925736,184.50156247473905,40208.74585626652,182.24074286481843,40208.66635239505,184.65511176414932,40208.670956911694,183.6635370625827
40303.79021176788,184.70191635800217,40303.90321151572,182.4337530752032,40303.82490544136,184.85168925302415,40303.8295205551,183.85847304312665
40398.9486542784,184.90176510817508,40399.06056676492,182.62619799568145,40398.98345848767,185.0477075891795,40398.98808419849,184.05284493996615
40494.107096788925,185.10110716036093,40494.21792201412,182.81807547030468,40494.14201153398,185.24316471156865,40494.146647841895,184.24665063114497
40589.26553929944,185.2999409273243,40589.37527726332,183.0093833181309,40589.30056458029,185.4380585343646,40589.30521148529,184.43988796973895
40684.42398180997,185.49826479951088,40684.53263251252,183.2001193332711,40684.4591176266,185.6323869470004,40684.46377512869,184.63255478389976
40779.58242432048,185.6960771450679,40779.68998776172,183.39028128493703,40779.61767067291,185.82614781421057,40779.62233877209,184.82464887690023
40874.74086683101,185.89337630986583,40874.84734301092,183.57986691749093,40874.776223719215,186.0193389760749,40874.780902415485,185.01616802718138
40969.89930934153,186.09016061752013,40970.00469826012,183.76887395049627,40969.93477676553,186.21195824806247,40969.93946605889,185.20710998840107
41065.05775185205,186.2864283694147,41065.16205350932,183.95730007877128,41065.09332981184,186.4040034210788,41065.09802970228,185.3974724894843
41160.21619436257,186.48217784472573,41160.31940875852,184.14514297244352,41160.25188285815,186.5954722615132,41160.256593345686,185.5872532346752
41255.37463687309,186.6774073004469,41255.47676400772,184.33240027700631,41255.41043590446,186.78636251128884,41255.41515698908,185.77644990359087
41350.53307938361,186.87211497141533,41350.63411925692,184.51906961337755,41350.56898895077,186.9766718879137,41350.57372063248,185.96506015127684
41445.691521894136,187.06629907033857,41445.79147450612,184.70514857795965,41445.72754199708,187.16639808453397,41445.73228427588,186.15308160826467
41540.84996440465,187.25995778782269,41540.94882975532,184.890634742702,41540.88609504339,187.3555387699884,41540.890847919276,186.34051188063086
41636.00840691517,187.45308929240144,41636.10618500452,185.0755256551652,41636.04464808969,187.5440915888652,41636.04941156268,186.52734855005824
41731.166849425696,187.64569173056643,41731.26354025372,185.25981883858697,41731.203201136006,187.73205416156037,41731.207975206074,186.71358917389895
41826.32529193621,187.83776322679856,41826.42089550292,185.44351179195093,41826.36175418232,187.91942408433775,41826.36653884948,186.89923128523947
41921.48373444674,188.02930188360057,41921.57825075212,185.6266019900564,41921.520307228624,188.10619892939155,41921.52510249287,187.08427239296756
42016.642176957255,188.2203057815305,42016.73560600132,185.8090868835907,42016.67886027494,188.2923762449098,42016.68366613627,187.26870998184143
42111.80061946778,188.41077297923687,42111.89296125052,185.99096389920453,42111.83741332124,188.47795355514089,42111.84222977967,187.45254151256069
42206.9590619783,188.60070151349453,42207.05031649972,186.1722304395876,42206.99596636756,188.66292836046125,42207.00079342307,187.63576442183978
42302.11750448882,188.7900893992424,42302.20767174892,186.3528838835481,42302.15451941387,188.8472981374457,42302.15935706647,187.81837612248307
42397.27594699934,188.9789346296217,42397.36502699812,186.53292158609395,42397.31307246017,189.0310603389391,42397.317920709866,188.00037400346255
42492.434389509865,189.1672351760164,42492.52238224732,186.71234087851576,42492.471625506485,189.21421239413093,42492.47648435327,188.18175542999742
42587.59283202038,189.354988988094,42587.67973749652,186.89113906847305,42587.6301785528,189.39675170863129,42587.635047996664,188.3625177436363
42682.75127453091,189.5421939938489,42682.83709274572,187.0693134400819,42682.7887315991,189.57867566454956,42682.79361164006,188.54265826234106
42777.909717041424,189.728848099646,42777.99444799492,187.2468612540058,42777.947284645415,189.75998162057505,42777.95217528346,188.7221742805738
42873.06815955195,189.9149491902662,42873.15180324412,187.42377974754828,42873.10583769172,189.94066691205964,42873.11073892686,188.90106306938543
42968.22660206247,190.1004951289538,42968.30915849332,187.60006613474812,42968.26439073803,190.1207288511034,42968.26930257026,189.079321876507
43063.38504457299,190.28548375746465,43063.46651374252,187.7757176064777,43063.422943784346,190.30016472664155,43063.42786621366,189.25694792644362
43158.54348708351,190.469912896116,43158.62386899172,187.95073133054257,43158.58149683065,190.4789718045346,43158.58642985706,189.43393842057014
43253.70192959403,190.6537803438381,43253.78122424092,188.12510445178484,43253.74004987696,190.65714732766023,43253.744993500455,189.61029053723004
43348.86037210455,190.83708387822776,43348.93857949012,188.2988340921885,43348.89860292328,190.83468851600804,43348.90355714385,189.78600143183672
43444.01881461508,191.01982125560195,43444.09593473932,188.4719173509877,43444.05715596958,191.01159256677627,43444.062120787254,189.96106823697673
43539.17725712559,191.2019902110549,43539.25328998852,188.644351304777,43539.21570901589,191.18785665447157,43539.22068443065,190.13548806251623
43634.33569963612,191.3835884585159,43634.41064523773,188.81613300762533,43634.3742620622,191.36347793101052,43634.37924807405,190.30925799571006
43729.49414214664,191.5646136908084,43729.56800048692,188.98725949119185,43729.53281510851,191.5384535258246,43729.53781171745,190.48237510131284
43824.65258465716,191.74506357971185,43824.72535573612,189.15772776484485,43824.691368154825,191.71278054596652,43824.69637536085,190.65483642169346
43919.81102716768,191.92493577602428,43919.88271098532,189.32753481578368,43919.84992120113,191.88645607622053,43919.854939004246,190.82663897695187
44014.9694696782,192.10422790962733,44015.04006623452,189.49667760916304,44015.00847424744,192.05947717921413,44015.01350264764,190.99777976503879
44110.12791218872,192.2829375895528,44110.197421483725,189.6651530882204,44110.16702729375,192.23184089553325,44110.172066291045,191.16825576187807
44205.286354699245,192.46106240405044,44205.35477673292,189.83295817440623,44205.32558034006,192.4035442438397,44205.33062993444,191.33806392149197
44300.44479720976,192.6385999206589,44300.51213198212,190.0000897675174,44300.48413338637,192.57458422099157,44300.48919357784,191.50720117612929
44395.60323972029,192.8155476862773,44395.66948723133,190.1665447458329,44395.64268643268,192.74495780216608,44395.64775722124,191.6756644363962
44490.761682230805,192.9919032272392,44490.82684248052,190.33231996625327,44490.80123947899,192.91466194098587,44490.80632086464,191.8434505913903
44585.92012474133,193.16766404938843,44585.98419772972,190.4974122644427,44585.9597925253,193.083693569647,44585.96488450804,192.01055650883725
44681.07856725185,193.34282763815708,44681.14155297892,190.66181845497408,44681.11834557161,193.25204959905116,44681.12344815143,192.17697903523066
44776.23700976237,193.51739145864497,44776.29890822812,190.82553533147723,44776.27689861792,193.41972691893943,44776.282011794836,192.3427149959748
44871.39545227289,193.69135295570143,44871.456263477325,190.9885596667904,44871.43545166423,193.5867223980299,44871.44057543823,192.50776119553052
44966.55389478341,193.86470955400927,44966.61361872652,191.1508882131145,44966.59400471054,193.75303288415805,44966.599139081634,192.67211441756393
45061.71233729393,194.0374586581703,45061.77097397572,191.3125177021712,45061.75255775685,193.91865520441948,45061.75770272503,192.83577142509867
45156.87077980445,194.2095976527933,45156.92832922493,191.4734448453632,45156.91111080316,194.08358616531643,45156.91626636843,192.99872896067058
45252.02922231497,194.38112390258445,45252.08568447412,191.6336663339386,45252.06966384947,194.2478225529071,45252.07483001183,193.16098374648635
45347.18766482549,194.5520347524385,45347.24303972332,191.79317883915857,45347.22821689578,194.41136113295755,45347.233393655224,193.3225324845847
45442.346107336016,194.7223275275338,45442.40039497252,191.9519790124673,45442.38676994209,194.57419865109736,45442.39195729863,193.4833718570011
45537.50454984653,194.89199953342856,45537.55775022172,192.1100634856664,45537.5453229884,194.736331832978,45537.55052094202,193.6434985259355
45632.66299235706,195.0610480561593,45632.715105470925,192.26742887109177,45632.70387603471,194.8977573844345,45632.709084585425,193.8029091339237
45727.821434867576,195.22947036234208,45727.87246072012,192.42407176179483,45727.86242908102,195.05847199165024,45727.86764822882,193.96160030401157
45822.9798773781,195.39726369927504,45823.02981596932,192.5799887317258,45823.02098212733,195.2184723213247,45823.02621187222,194.11956863993285
45918.13831988862,195.5644252950445,45918.18717121853,192.7351763359217,45918.17953517364,195.37775502084517,45918.18477551562,194.27681072629025
46013.29676239914,195.73095235863207,46013.34452646772,192.8896311106972,46013.33808821995,195.53631671846065,46013.343339159015,194.43332312873997
46108.45520490966,195.89684208002527,46108.501881716926,193.0433495738385,46108.496641266254,195.69415402345984,46108.50190280242,194.58910239417946
46203.613647420185,196.0620916303293,46203.65923696612,193.19632822480173,46203.65519431257,195.85126352635243,46203.660466445814,194.74414505093878
46298.7720899307,196.22669816188235,46298.81659221532,193.34856354491404,46298.81374735888,196.0076417990529,46298.81903008922,194.89844760897532
46393.93053244123,196.3906588083724,46393.973947464525,193.50005199757865,46393.97230040519,196.16328539506867,46393.97759373261,195.05200656007193
46489.08897495175,196.5539706849569,46489.13130271372,193.65079002848324,46489.1308534515,196.3181908496911,46489.13615737601,195.20481837803885
46584.24741746227,196.7166308883854,46584.28865796292,193.800774065812,46584.28940649781,196.4723546801899,46584.29472101941,195.3568795189187
46679.40585997279,196.87863649712307,46679.44601321213,193.95000052046169,46679.44795954412,196.6257733860111,46679.453284662806,195.50818642119543
46774.56430248331,197.03998457147856,46774.60336846132,194.0984657862602,46774.60651259043,196.7784434489785,46774.61184830621,195.65873550600656
46869.72274499383,197.2006721537332,46869.760723710526,194.2461662401905,46869.76506563673,196.93036133349824,46869.770411949605,195.8085231773591
46964.881187504354,197.36069626827307,46964.91807895972,194.39309824261656,46964.923618683046,197.08152348676757,46964.92897559301,195.95754582234926
47060.03963001487,197.520053921724,47060.07543420892,194.53925813751417,47060.08217172936,197.2319263389862,47060.0875392364,196.10579981138545
47155.1980725254,197.67874210308847,47155.232789458125,194.68464225270475,47155.240724775664,197.38156630357213,47155.2461028798,196.25328149841525
47250.35651503591,197.83675778388576,47250.39014470732,194.82924690009327,47250.399277821976,197.5304397773803,47250.4046665232,196.39998722115578
47345.51495754644,197.99409791829424,47345.54749995652,194.97306837590992,47345.55783086829,197.67854314092523,47345.5632301666,196.54591330132803
47440.67340005696,198.1507594432965,47440.70485520573,195.1161029609554,47440.716383914594,197.825872758607,47440.72179381,196.69105604489468
47535.83184256748,198.3067392788277,47535.86221045492,195.25834692085,47535.87493696091,197.9724249789412,47535.880357453396,196.83541174230174
47630.990285078,198.4620343279256,47631.019565704126,195.3997965062865,47631.03349000721,198.11819613479207,47631.0389210968,196.97897666872393
47726.14872758852,198.616641476884,47726.17692095332,195.54044795328727,47726.192043053525,198.2631825436096,47726.197484740194,197.12174708431388
47821.30717009904,198.7705575954085,47821.33427620252,195.68029748346467,47821.35059609984,198.40738050767013,47821.35604838359,197.26371923445492
47916.46561260956,198.92377953677624,47916.491631451725,195.81934130428536,47916.50914914614,198.550786314321,47916.51461202699,197.404889350018
48011.62405512008,199.0763041379961,48011.64898670092,195.95757560933885,48011.667702192455,198.6933962362281,48011.67317567039,197.54525364762193
48106.7824976306,199.228128219974,48106.80634195013,196.09499657860968,48106.82625523876,198.83520653162805,48106.83173931379,197.68480832989792
48201.940940141125,199.37924858767968,48201.96369719933,196.2316003787534,48201.98480828507,198.9762134445836,48201.99030295719,197.82354958575766
48297.09938265164,199.52966203031707,48297.12105244852,196.3673831633768,48297.143361331386,199.11641320524265,48297.14886660059,197.96147359066543
48392.25782516217,199.6793653214968,48392.278407697726,196.50234107332133,48392.30191437769,199.25580203010156,48392.307430243985,198.09857650691376
48487.416267672685,199.8283552194119,48487.43576294692,196.6364702369517,48487.460467424,199.39437612227167,48487.46599388738,198.23485448390338
48582.57471018321,199.97662846701704,48582.59311819612,196.7697667704469,48582.61902047032,199.53213167175025,48582.624557530784,198.37030365842674
48677.73315269373,200.12418179220955,48677.750473445325,196.90222677809635,48677.77757351662,199.66906485569396,48677.78312117418,198.5049201549556
48772.89159520425,200.27101190801392,48772.90782869452,197.03384635259928,48772.93612656293,199.80517183869787,48772.94168481758,198.63870008593213
48868.05003771477,200.4171155127696,48868.06518394373,197.1646215753683,48868.09467960924,199.940448773077,48868.10024846098,198.7716395520647
48963.208480225294,200.5624892903208,48963.22253919293,197.29454851683727,48963.25323265555,200.07489179915208,48963.25881210438,198.90373464262652
49058.36692273581,200.7071299102106,49058.37989444212,197.4236232367727,49058.411785701865,200.20849704553905,49058.41737574778,199.03498143575925
49153.525365246336,200.8510340278768,49153.537249691326,197.55184178458865,49153.57033874817,200.34126062944256,49153.57593939117,199.16537599877975
49248.68380775685,200.99419828485128,49248.69460494052,197.67920019966684,49248.72889179448,200.4731786569533,49248.734503034575,199.294914388491
49343.84225026738,201.13661930896268,49343.85196018972,197.80569451167983,49343.8874448408,200.60424722334884,49343.89306667797,199.42359265149722
49439.000692777896,201.27829371454155,49439.009315438925,197.93132074091827,49439.0459978871,200.7344624133986,49439.05163032137,199.5514068245225
49534.15913528842,201.4192181026289,49534.16667068812,198.05607489862223,49534.20455093341,200.86382030167275,49534.21019396477,199.67835293473345
49629.31757779894,201.559389061188,49629.32402593733,198.17995298731668,49629.36310397972,200.99231695285468,49629.36875760817,199.80442700006614
49724.47602030946,201.69880316531805,49724.48138118653,198.30295100115032,49724.52165702603,201.11994842205743,49724.52732125157,199.92962502955635
49819.63446281998,201.83745697747324,49819.63873643572,198.42506492623923,49819.68021007234,201.24671075514425,49819.68588489496,200.05394302367435
49914.792905330505,201.9753470476824,49914.796091684926,198.5462907410138,49914.83876311865,201.3725999890524,49914.844448538366,200.1773769746632
50009.95134784102,202.1124699137732,50009.95344693412,198.6666244165697,50009.99731616496,201.4976121521213,50010.00301218176,200.29992286688105
50105.10979035155,202.24882210159933,50105.11080218333,198.7860619170233,50105.15586921127,201.6217432644244,50105.161575825165,200.42157667714747
50200.26823286207,202.38440012527053,50200.268157432525,198.90459919986995,50200.31442225758,201.74498933810509,50200.32013946856,200.54233437509367
50295.42667537259,202.5192004873857,50295.42551268172,199.02223221634776,50295.47297530389,201.86734637771573,50295.47870311196,200.66219192351642
50390.58511788311,202.65321967926928,50390.58286793093,199.13895691180363,50390.6315283502,201.98881038056132,50390.63726675536,200.78114527873606
50485.74356039363,202.7864541812109,50485.74022318013,199.25476922606435,50485.79008139651,202.1093773370468,50485.795830398754,200.8991903909583
50580.90200290415,202.91890046270808,50580.89757842932,199.36966509381088,50580.94863444282,202.2290432310277,50580.95439404216,201.01632320463997
50676.06044541467,203.050554982712,50676.054933678526,199.4836404449572,50676.10718748913,202.3478040401652,50676.11295768555,201.13253965885852
50771.21888792519,203.18141418987628,50771.21228892772,199.59669120503224,50771.26574053544,202.4656557362845,50771.271521328956,201.2478356876855
50866.37733043571,203.31147452280985,50866.36964417693,199.70881329556624,50866.42429358175,202.58259428573768,50866.43008497235,201.36220722056368
50961.53577294624,203.44073241033144,50961.526999426125,199.8200026344806,50961.58284662806,202.69861564976927,50961.588648615754,201.4756501826881
51056.69421545675,203.5691842717289,51056.68435467532,199.93025513648172,51056.74139967437,202.8137157848865,51056.74721225915,201.588160495391
51151.85265796728,203.69682651702027,51151.84170992453,200.03956671345875,51151.89995272068,202.92789064323296,51151.905775902545,201.6997340765304
51247.011100477794,203.82365554721912,51246.999065173724,200.1479332748843,51247.05850576699,203.04113617296605,51247.06433954595,201.8103668408825
51342.16954298832,203.94966775460256,51342.15642042292,200.2553507282204,51342.2170588133,203.1534483186377,51342.222903189344,201.92005470053766
51437.32798549884,204.0748595229823,51437.313775672126,200.36181497932645,51437.37561185961,203.26482302157984,51437.38146683275,202.02879356530065
51532.48642800936,204.19922722797952,51532.47113092132,200.46732193287235,51532.53416490592,203.3752562202922,51532.54003047614,202.13657934309364
51627.64487051988,204.3227672373021,51627.62848617053,200.5718674927542,51627.692717952224,203.48474385083503,51627.698594119545,202.2434079403639
51722.8033130304,204.44547591102565,51722.785841419725,200.6754475625143,51722.85127099854,203.59328184722463,51722.85715776294,202.34927526249444
51817.96175554092,204.56734960187765,51817.94319666892,200.77805804576457,51818.00982404485,203.7008661418328,51818.01572140634,202.45417721421853
51913.120198051445,204.68838465552457,51913.10055191813,200.8796948466133,51913.16837709116,203.8074926657895,51913.17428504974,202.55810970003785
52008.27864056196,204.808577410862,52008.257907167324,200.9803538700961,52008.32693013747,203.91315734939008,52008.332848693135,202.66106862464423
52103.43708307249,204.92792420030867,52103.41526241653,201.08003102260952,52103.48548318377,204.0178561225048,52103.49141233654,202.7630498933446
52198.595525583005,205.0464213501028,52198.572617665726,201.1787222123488,52198.644036230085,204.12158491499267,52198.64997597993,202.86404941248998
52293.75396809353,205.16406518060217,52293.72997291492,201.2764233497487,52293.8025892764,204.2243396571185,52293.80853962334,202.96406308990746
52388.91241060405,205.28085200658708,52388.88732816413,201.37313034792825,52388.9611423227,204.32611627997343,52388.96710326673,203.06308683533592
52484.07085311457,205.39677813756657,52484.044683413325,201.46883912313805,52484.119695369016,204.426910715899,52484.12566691013,203.1611165608651
52579.22929562509,205.51183987808767,52579.20203866252,201.5635455952116,52579.27824841533,204.52671889891425,52579.28423055353,203.2581481813779
52674.387738135614,205.62603352804803,52674.35939391173,201.65724568801977,52674.436801461634,204.62553676514665,52674.442794196926,203.35417761499613
52769.54618064613,205.7393553830113,52769.516749160925,201.74993532992812,52769.59535450795,204.7233602532661,52769.60135784033,203.44920078352953
52864.70462315666,205.85180173452585,52864.67410441013,201.84161045425824,52864.75390755425,204.8201853049221,52864.759921483725,203.54321361292807
52959.86306566717,205.96336887044663,52959.831459659326,201.93226699975108,52959.91246060056,204.91600786518453,52959.91848512713,203.6362120337374
53055.0215081777,206.0740530752599,53054.98881490852,202.0219009110348,53055.07101364688,205.0108238829872,53055.07704877052,203.72819198155742
53150.179950688216,206.18385063041137,53150.14617015773,202.11050813909443,53150.22956669318,205.1046293115748,53150.23561241392,203.8191493975042
53245.33839319874,206.29275781463684,53245.303525406925,202.19808464174525,53245.388119739495,205.19742010895317,53245.39417605732,203.90908022867467
53340.49683570926,206.4007709042965,53340.46088065612,202.284626384109,53340.54667278581,205.28919223834208,53340.55273970072,203.99798042861448
53435.65527821978,206.507886173712,53435.61823590533,202.37012933909293,53435.70522583211,205.37994166863183,53435.71130334412,204.0858459577889
53530.8137207303,206.614099895506,53530.775591154525,202.4545894878717,53530.863778878425,205.469664374842,53530.869866987516,204.17267278405663
53625.972163240825,206.719408340946,53625.93294640373,202.5380028203721,53626.02233192473,205.5583563385837,53626.02843063092,204.2584568831461
53721.13060575134,206.82380778028968,53721.09030165293,202.6203653357608,53721.18088497104,205.64601354852485,53721.186994274314,204.34319423913553
53816.28904826186,206.9272944831341,53816.24765690213,202.7016730429341,53816.33943801736,205.73263200085756,53816.34555791771,204.42688084493437
53911.44749077239,207.0298647187675,53911.40501215133,202.7819219610114,53911.49799106366,205.8182076997689,53911.50412156111,204.50951270276903
54006.6059332829,207.13151475652413,54006.562367400526,202.86110811982977,54006.65654410997,205.9027366579148,54006.66268520451,204.59108582466988
54101.76437579343,207.2322408661421,54101.71972264973,202.93922756044253,54101.81509715628,205.9862148968953,54101.82124884791,204.67159623296163
54196.922818303945,207.3320393181232,54196.87707789893,203.01627633561927,54196.97365020259,206.06863844773372,54196.97981249131,204.75103996075612
54292.08126081447,207.43090638409709,54292.034433148125,203.09225051034912,54292.1322032489,206.15000335135807,54292.13837613471,204.8294130524474
54387.23970332499,207.52883833718693,54387.19178839733,203.1671461623447,54387.29075629521,206.23030565908465,54387.296939778105,204.9067115642093
54482.39814583551,207.6258314523784,54482.34914364653,203.24095938255044,54482.44930934152,206.309541433104,54482.4555034215,204.98293156449546
54577.55658834603,207.72188200689143,54577.50649889573,203.3136862756517,54577.60786238784,206.38770674697025,54577.614067064904,205.05806913454157
54672.71503085656,207.81698628055463,54672.66385414493,203.38532296058648,54672.76641543414,206.46479768609143,54672.7726307083,205.13212036886964
54767.87347336707,207.9111405561821,54767.821209394126,203.45586557105867,54767.92496848045,206.54081034822343,54767.9311943517,205.2050813757947
54863.0319158776,208.00434111995347,54862.97856464333,203.525310256054,54863.08352152676,206.6157408439649,54863.0897579951,205.27694827793349
54958.190358388114,208.09658426179607,54958.13591989253,203.5936531803575,54958.24207457307,206.6895852972549,54958.2483216385,205.34771721271497
55053.34880089864,208.18786627577043,55053.293275141725,203.6608905250726,55053.40062761938,206.76233984587307,55053.4068852819,205.41738433289305
55148.50724340916,208.2781834604565,55148.45063039093,203.72701848814228,55148.55918066569,206.8340006419409,55148.56544892529,205.48594580706092
55243.66568591968,208.36753211934527,55243.60798564013,203.79203328487168,55243.717733712,206.90456385242555,55243.724012568695,205.5533978201674
55338.8241284302,208.4559085612302,55338.76534088933,203.85593114845244,55338.87628675832,206.9740256596453,55338.88257621209,205.61973657403462
55433.98257094072,208.54330910060256,55433.92269613853,203.9187083304884,55434.03483980462,207.0423822617768,55434.04113985549,205.6849582878779
55529.14101345124,208.6297300580489,55529.080051387726,203.98036110152265,55529.19339285093,207.10962987336413,55529.19970349889,205.74905919882664
55624.299455961765,208.7151677606508,55624.23740663693,204.04088575156632,55624.35194589724,207.17576472582968,55624.35826714229,205.81203556244688
55719.45789847228,208.79961854238667,55719.39476188613,204.100278590628,55719.51049894355,207.24078306798592,55719.51683078569,205.8738836532654
55814.61634098281,208.88307874453656,55814.552117135325,204.15853594924468,55814.66905198986,207.3046811665495,55814.67539442908,205.9345997652948
55909.774783493325,208.9655447160885,55909.70947238453,204.215654179014,55909.82760503617,207.36745530665627,55909.833958072486,205.99418021256008
56004.93322600385,209.04701281414737,56004.86682763373,204.27162965312672,56004.98615808248,207.4291017923776,56004.99252171588,206.0526213296262
56100.09166851437,209.127479404346,56100.02418288293,204.32645876690103,56100.14471112879,207.48961694723815,56100.151085359284,206.1099194721268
56195.25011102489,209.20694086125823,56195.18153813213,204.38013793831684,56195.3032641751,207.54899711473507,56195.30964900268,206.1660710172937
56290.40855353541,209.285393568814,56290.338893381326,204.43266360855105,56290.46181722141,207.60723865885737,56290.46821264608,206.22107236448738
56385.566996045935,209.3628339207168,56385.49624863053,204.48403224251388,56385.62037026772,207.66433796460728,56385.62677628948,206.27491993572838
56480.72543855645,209.4392583208624,56480.65360387973,204.5342403293849,56480.77892331403,207.72029143852197,56480.785339932874,206.32761017622903
56575.88388106698,209.51466318376032,56575.810959128925,204.58328438315027,56575.93747636034,207.7750955091961,56575.94390357628,206.3791395549261
56671.04232357749,209.58904493495663,56670.96831437813,204.6311609431396,56671.096029406646,207.8287466278057,56671.10246721967,206.4295045650138
56766.20076608802,209.6624000114588,56766.12566962733,204.6778665745636,56766.25458245296,207.88124126863167,56766.261030863076,206.4787017244772
56861.35920859854,209.734724862162,56861.28302487653,204.72339786905152,56861.413135499264,207.9325759295845,56861.41959450647,206.52672757662586
56956.517651109054,209.8060159482777,56956.44038012573,204.7677514451888,56956.57168854558,207.98274713272977,56956.578158149874,206.57357869062798
57051.67609361958,209.87626974376315,57051.597735374926,204.8109239490544,57051.73024159189,208.03175142481297,57051.73672179327,206.61925166204435
57146.834536130096,209.9454827357534,57146.75509062413,204.8529120547582,57146.8887946382,208.0795853777857,57146.895285436665,206.66374311336233
57241.99297864062,210.01365142499367,57241.91244587333,204.8937124649782,57242.04734768451,208.12624558933115,57242.05384908007,206.70704969452993
57337.15142115114,210.08077232627468,57337.069801122525,204.9333219114968,57337.20590073082,208.17172868339048,57337.212412723464,206.7491680834896
57432.30986366166,210.14684196886776,57432.22715637173,204.97173715573712,57432.364453777125,208.2160313106885,57432.37097636687,206.79009498671155
57527.46830617218,210.2118568969627,57527.38451162093,205.0089549892986,57527.52300682344,208.25915014925937,57527.52954001026,206.82982713972712
57622.62674868271,210.27581367010623,57622.54186687013,205.04497223449167,57622.68155986974,208.3010819049727,57622.688103653665,206.8683613076611
57717.78519119322,210.33870886364187,57717.69922211933,205.079785744872,57717.840112916056,208.34182331205835,57717.84666729706,206.90569428576396
57812.94363370375,210.4005390691508,57812.856577368526,205.1133924057732,57812.99866596237,208.3813711336316,57813.00523094046,206.94182289994285
57908.102076214265,210.4613008948944,57908.01393261773,205.14578913483905,57908.15721900867,208.41972216221745,57908.16379458386,206.9767440072923
58003.26051872479,210.5209909662568,58003.17128786693,205.1769728825547,58003.315772054986,208.45687322027428,58003.322358227255,207.0104544966236
58098.41896123531,210.57960592618983,58098.32864311613,205.2069406327758,58098.47432510129,208.4928211607172,58098.48092187066,207.0429512889933
58193.57740374583,210.63714243565727,58193.48599836533,205.23568940325703,58193.6328781476,208.52756286743968,58193.63948551405,207.0742313382306
58288.73584625635,210.693597174082,58288.64335361453,205.26321624617893,58288.79143119392,208.5610952558354,58288.798049157456,207.10429163146344
58383.89428876688,210.7489668397908,58383.80070886373,205.2895182486729,58383.94998424022,208.5934152733181,58383.95661280085,207.1331291896432
58479.05273127739,210.80324815046367,58478.95806411293,205.3145925333448,58479.108537286535,208.62451989984072,58479.11517644425,207.16074106806784
58574.21117378792,210.85643784358103,58574.115419362126,205.3384362587965,58574.26709033285,208.6544061484134,58574.27374008765,207.18712435690375
58669.369616298434,210.90853267687228,58669.27277461133,205.361046620146,58669.42564337915,208.68307106561969,58669.432303731046,207.2122761817055
58764.52805880896,210.9595294287651,58764.43012986053,205.38242084954425,58764.584196425465,208.7105117321316,58764.59086737445,207.23619370393422
58859.68650131948,211.009424898835,58859.58748510973,205.40255621669132,58859.74274947177,208.73672526322315,58859.749431017844,207.25887412147355
58954.84494383,211.058215908255,58954.74484035893,205.42145002934967,58954.90130251808,208.76170880928188,58954.90799466125,207.28031466914385
59050.00338634052,211.10589930024616,59049.90219560813,205.43909963385417,59050.0598555644,208.78545955631884,59050.06655830464,207.30051261921443
59145.16182885104,211.1524719405276,59145.05955085733,205.45550241562108,59145.2184086107,208.80797472647657,59145.22512194804,207.31946528191298
59240.32027136156,211.19793071776687,59240.21690610653,205.47065579965343,59240.37696165701,208.82925157853524,59240.38368559144,207.33717000593305
59335.478713872086,211.2422725440311,59335.374261355726,205.48455725104373,59335.535514703326,208.84928740841605,59335.54224923484,207.35362417893893
59430.6371563826,211.28549435523664,59430.53161660493,205.4972042754744,59430.69406774963,208.86807954968327,59430.70081287824,207.36882522806778
59525.79559889313,211.3275931116,59525.68897185413,205.50859441971392,59525.85262079594,208.8856253740433,59525.859376521636,207.38277062042908
59620.954041403646,211.3685657980878,59620.84632710333,205.5187252721116,59621.01117384225,208.90192229184103,59621.01794016504,207.39545786360148
59716.11248391417,211.40840942486665,59716.00368235253,205.52759446308772,59716.16972688856,208.91696775255485,59716.176503808434,207.40688450612606
59811.27092642469,211.4471210277527,59811.16103760173,205.53519966562104,59811.32827993488,208.93075924528728,59811.33506745183,207.41704813799728
59906.429368935205,211.48469766866071,59906.31839285093,205.5415385957324,59906.48683298118,208.9432942992539,59906.49363109523,207.42594639115006
60001.58781144573,211.5211364360528,60001.47574810013,205.5466090129647,60001.64538602749,208.95457048426923,60001.65219473863,207.43357693994406
60096.74625395625,211.55643444538592,60096.63310334933,205.5504087208604,60096.8039390738,208.96458541122908,60096.81075838203,207.43993750164404
60191.90469646677,211.5905888395598,60191.79045859853,205.55293556743308,60191.96249212011,208.97333673259027,60191.96932202543,207.445025836897
60287.06313897729,211.62359678936303,60286.94781384773,205.55418744563687,60287.12104516642,208.9808221428468,60287.12788566883,207.4488397502056
60382.221581487815,211.65545549391865,60382.10516909693,205.55416229383087,60382.27959821273,208.9870393790026,60382.286449312225,207.45137709039767
60477.38002399833,211.68616218112908,60477.26252434613,205.55285809623967,60477.43815125904,208.99198622104103,60477.44501295562,207.4526357510919
60572.53846650886,211.71571410811967,60572.41987959533,205.5502728834096,60572.59670430535,208.99566049239044,60572.603576599024,207.45261367115944
60667.696909019374,211.74410856168137,60667.57723484453,205.54640473266056,60667.75525735166,208.99806006038625,60667.76214024242,207.45130883518144
60762.8553515299,211.77134285871188,60762.73459009373,205.54125176853304,60762.91381039797,208.9991828367289,60762.92070388582,207.44871927390227
60858.01379404042,211.79741434665584,60857.89194534293,205.53481216323104,60858.07236344428,208.99902677793855,60858.07926752922,207.44484306467845
60953.17223655094,211.82232040394365,60953.04930059213,205.5270841370597,60953.23091649059,208.99758988580464,60953.23783117262,207.43967833192286
61048.33067906146,211.84605844042835,61048.20665584133,205.5180659588581,61048.3894695369,208.99487020783175,61048.396394816016,207.4332232475448
61143.48912157198,211.8686258978217,61143.36401109053,205.5077559464276,61143.54802258321,208.9908658376821,61143.55495845941,207.42547603138468
61238.6475640825,211.8900202501277,61238.52136633973,205.4961524669544,61238.70657562952,208.98557491561144,61238.713522102815,207.4164349516446
61333.80600659303,211.91023900407544,61333.67872158893,205.48325393742724,61333.86512867583,208.978995628903,61333.87208574621,207.40609832531334
61428.96444910354,211.92927969954908,61428.83607683813,205.46905882504947,61429.02368172214,208.97112621229468,61429.03064938961,207.39446451858666
61524.12289161407,211.9471399100167,61523.99343208733,205.45356564764631,61524.18223476845,208.9619649484028,61524.18921303301,207.3815319472825
61619.281334124586,211.96381724295665,61619.15078733653,205.4367729740656,61619.34078781476,208.95151016814037,61619.34777667641,207.3672990772504
61714.43977663511,211.97930934028213,61714.30814258573,205.41867942457367,61714.49934086107,208.9397602511304,61714.50634031981,207.35176442477626
61809.59821914563,211.9936138787633,61809.46549783493,205.3992836712452,61809.65789390738,208.9267136261148,61809.6649039632,207.33492655698078
61904.75666165615,212.0067285704476,61904.62285308413,205.37858443834665,61904.816446953686,208.91236877135708,61904.823467606606,207.316784092213
61999.91510416667,212.0186511630768,61999.78020833333,205.3565805027148,61999.975,208.89672421504036,61999.98203125,207.29733570043763
